<Anims>
 <anim name="idle" root="heartspan" numframes="1000" framerate="40">
  <frame idx="0" w="669" h="638" x="-627.387024" y="-592.065002">
   <element name="heartspan" layername="heartspan" frame="0" z_index="2" m_a="-0.999789" m_b="-0.020543" m_c="0.020543" m_d="-0.999789" m_tx="-3.000000" m_ty="-131.000000"/>
  </frame>
  <frame idx="25" w="669" h="638" x="-627.387024" y="-592.065002">
   <element name="heartspan" layername="heartspan" frame="0" z_index="2" m_a="-0.999789" m_b="-0.020543" m_c="0.020543" m_d="-0.999789" m_tx="-3.000000" m_ty="-131.000000"/>
  </frame>
  <frame idx="50" w="669" h="638" x="-627.387024" y="-592.065002">
   <element name="heartspan" layername="heartspan" frame="0" z_index="2" m_a="-0.999789" m_b="-0.020543" m_c="0.020543" m_d="-0.999789" m_tx="-3.000000" m_ty="-131.000000"/>
  </frame>
  <frame idx="75" w="669" h="638" x="-627.387024" y="-592.065002">
   <element name="heartspan" layername="heartspan" frame="0" z_index="2" m_a="-0.999789" m_b="-0.020543" m_c="0.020543" m_d="-0.999789" m_tx="-3.000000" m_ty="-131.000000"/>
  </frame>
  <frame idx="100" w="669" h="638" x="-627.387024" y="-592.065002">
   <element name="heartspan" layername="heartspan" frame="0" z_index="2" m_a="-0.999789" m_b="-0.020543" m_c="0.020543" m_d="-0.999789" m_tx="-3.000000" m_ty="-131.000000"/>
  </frame>
  <frame idx="125" w="669" h="638" x="-627.387024" y="-592.065002">
   <element name="heartspan" layername="heartspan" frame="0" z_index="2" m_a="-0.999789" m_b="-0.020543" m_c="0.020543" m_d="-0.999789" m_tx="-3.000000" m_ty="-131.000000"/>
  </frame>
  <frame idx="150" w="669" h="638" x="-627.387024" y="-592.065002">
   <element name="heartspan" layername="heartspan" frame="0" z_index="2" m_a="-0.999789" m_b="-0.020543" m_c="0.020543" m_d="-0.999789" m_tx="-3.000000" m_ty="-131.000000"/>
  </frame>
  <frame idx="175" w="669" h="638" x="-627.387024" y="-592.065002">
   <element name="heartspan" layername="heartspan" frame="0" z_index="2" m_a="-0.999789" m_b="-0.020543" m_c="0.020543" m_d="-0.999789" m_tx="-3.000000" m_ty="-131.000000"/>
  </frame>
  <frame idx="200" w="669" h="638" x="-627.387024" y="-592.065002">
   <element name="heartspan" layername="heartspan" frame="0" z_index="2" m_a="-0.999789" m_b="-0.020543" m_c="0.020543" m_d="-0.999789" m_tx="-3.000000" m_ty="-131.000000"/>
  </frame>
  <frame idx="225" w="669" h="638" x="-627.387024" y="-592.065002">
   <element name="heartspan" layername="heartspan" frame="0" z_index="2" m_a="-0.999789" m_b="-0.020543" m_c="0.020543" m_d="-0.999789" m_tx="-3.000000" m_ty="-131.000000"/>
  </frame>
  <frame idx="250" w="669" h="638" x="-627.387024" y="-592.065002">
   <element name="heartspan" layername="heartspan" frame="0" z_index="2" m_a="-0.999789" m_b="-0.020543" m_c="0.020543" m_d="-0.999789" m_tx="-3.000000" m_ty="-131.000000"/>
  </frame>
  <frame idx="275" w="669" h="638" x="-627.387024" y="-592.065002">
   <element name="heartspan" layername="heartspan" frame="0" z_index="2" m_a="-0.999789" m_b="-0.020543" m_c="0.020543" m_d="-0.999789" m_tx="-3.000000" m_ty="-131.000000"/>
  </frame>
  <frame idx="300" w="669" h="638" x="-627.387024" y="-592.065002">
   <element name="heartspan" layername="heartspan" frame="0" z_index="2" m_a="-0.999789" m_b="-0.020543" m_c="0.020543" m_d="-0.999789" m_tx="-3.000000" m_ty="-131.000000"/>
  </frame>
  <frame idx="325" w="669" h="638" x="-627.387024" y="-592.065002">
   <element name="heartspan" layername="heartspan" frame="0" z_index="2" m_a="-0.999789" m_b="-0.020543" m_c="0.020543" m_d="-0.999789" m_tx="-3.000000" m_ty="-131.000000"/>
  </frame>
  <frame idx="350" w="669" h="638" x="-627.387024" y="-592.065002">
   <element name="heartspan" layername="heartspan" frame="0" z_index="2" m_a="-0.999789" m_b="-0.020543" m_c="0.020543" m_d="-0.999789" m_tx="-3.000000" m_ty="-131.000000"/>
  </frame>
  <frame idx="375" w="669" h="638" x="-627.387024" y="-592.065002">
   <element name="heartspan" layername="heartspan" frame="0" z_index="2" m_a="-0.999789" m_b="-0.020543" m_c="0.020543" m_d="-0.999789" m_tx="-3.000000" m_ty="-131.000000"/>
  </frame>
  <frame idx="400" w="669" h="638" x="-627.387024" y="-592.065002">
   <element name="heartspan" layername="heartspan" frame="0" z_index="2" m_a="-0.999789" m_b="-0.020543" m_c="0.020543" m_d="-0.999789" m_tx="-3.000000" m_ty="-131.000000"/>
  </frame>
  <frame idx="425" w="669" h="638" x="-627.387024" y="-592.065002">
   <element name="heartspan" layername="heartspan" frame="0" z_index="2" m_a="-0.999789" m_b="-0.020543" m_c="0.020543" m_d="-0.999789" m_tx="-3.000000" m_ty="-131.000000"/>
  </frame>
  <frame idx="450" w="669" h="638" x="-627.387024" y="-592.065002">
   <element name="heartspan" layername="heartspan" frame="0" z_index="2" m_a="-0.999789" m_b="-0.020543" m_c="0.020543" m_d="-0.999789" m_tx="-3.000000" m_ty="-131.000000"/>
  </frame>
  <frame idx="475" w="669" h="638" x="-627.387024" y="-592.065002">
   <element name="heartspan" layername="heartspan" frame="0" z_index="2" m_a="-0.999789" m_b="-0.020543" m_c="0.020543" m_d="-0.999789" m_tx="-3.000000" m_ty="-131.000000"/>
  </frame>
  <frame idx="500" w="669" h="638" x="-627.387024" y="-592.065002">
   <element name="heartspan" layername="heartspan" frame="0" z_index="2" m_a="-0.999789" m_b="-0.020543" m_c="0.020543" m_d="-0.999789" m_tx="-3.000000" m_ty="-131.000000"/>
  </frame>
  <frame idx="525" w="669" h="638" x="-627.387024" y="-592.065002">
   <element name="heartspan" layername="heartspan" frame="0" z_index="2" m_a="-0.999789" m_b="-0.020543" m_c="0.020543" m_d="-0.999789" m_tx="-3.000000" m_ty="-131.000000"/>
  </frame>
  <frame idx="550" w="669" h="638" x="-627.387024" y="-592.065002">
   <element name="heartspan" layername="heartspan" frame="0" z_index="2" m_a="-0.999789" m_b="-0.020543" m_c="0.020543" m_d="-0.999789" m_tx="-3.000000" m_ty="-131.000000"/>
  </frame>
  <frame idx="575" w="669" h="638" x="-627.387024" y="-592.065002">
   <element name="heartspan" layername="heartspan" frame="0" z_index="2" m_a="-0.999789" m_b="-0.020543" m_c="0.020543" m_d="-0.999789" m_tx="-3.000000" m_ty="-131.000000"/>
  </frame>
  <frame idx="600" w="669" h="638" x="-627.387024" y="-592.065002">
   <element name="heartspan" layername="heartspan" frame="0" z_index="2" m_a="-0.999789" m_b="-0.020543" m_c="0.020543" m_d="-0.999789" m_tx="-3.000000" m_ty="-131.000000"/>
  </frame>
  <frame idx="625" w="669" h="638" x="-627.387024" y="-592.065002">
   <element name="heartspan" layername="heartspan" frame="0" z_index="2" m_a="-0.999789" m_b="-0.020543" m_c="0.020543" m_d="-0.999789" m_tx="-3.000000" m_ty="-131.000000"/>
  </frame>
  <frame idx="650" w="669" h="638" x="-627.387024" y="-592.065002">
   <element name="heartspan" layername="heartspan" frame="0" z_index="2" m_a="-0.999789" m_b="-0.020543" m_c="0.020543" m_d="-0.999789" m_tx="-3.000000" m_ty="-131.000000"/>
  </frame>
  <frame idx="675" w="669" h="638" x="-627.387024" y="-592.065002">
   <element name="heartspan" layername="heartspan" frame="0" z_index="2" m_a="-0.999789" m_b="-0.020543" m_c="0.020543" m_d="-0.999789" m_tx="-3.000000" m_ty="-131.000000"/>
  </frame>
  <frame idx="700" w="669" h="638" x="-627.387024" y="-592.065002">
   <element name="heartspan" layername="heartspan" frame="0" z_index="2" m_a="-0.999789" m_b="-0.020543" m_c="0.020543" m_d="-0.999789" m_tx="-3.000000" m_ty="-131.000000"/>
  </frame>
  <frame idx="725" w="669" h="638" x="-627.387024" y="-592.065002">
   <element name="heartspan" layername="heartspan" frame="0" z_index="2" m_a="-0.999789" m_b="-0.020543" m_c="0.020543" m_d="-0.999789" m_tx="-3.000000" m_ty="-131.000000"/>
  </frame>
  <frame idx="750" w="669" h="638" x="-627.387024" y="-592.065002">
   <element name="heartspan" layername="heartspan" frame="0" z_index="2" m_a="-0.999789" m_b="-0.020543" m_c="0.020543" m_d="-0.999789" m_tx="-3.000000" m_ty="-131.000000"/>
  </frame>
  <frame idx="775" w="669" h="638" x="-627.387024" y="-592.065002">
   <element name="heartspan" layername="heartspan" frame="0" z_index="2" m_a="-0.999789" m_b="-0.020543" m_c="0.020543" m_d="-0.999789" m_tx="-3.000000" m_ty="-131.000000"/>
  </frame>
  <frame idx="800" w="669" h="638" x="-627.387024" y="-592.065002">
   <element name="heartspan" layername="heartspan" frame="0" z_index="2" m_a="-0.999789" m_b="-0.020543" m_c="0.020543" m_d="-0.999789" m_tx="-3.000000" m_ty="-131.000000"/>
  </frame>
  <frame idx="825" w="669" h="638" x="-627.387024" y="-592.065002">
   <element name="heartspan" layername="heartspan" frame="0" z_index="2" m_a="-0.999789" m_b="-0.020543" m_c="0.020543" m_d="-0.999789" m_tx="-3.000000" m_ty="-131.000000"/>
  </frame>
  <frame idx="850" w="669" h="638" x="-627.387024" y="-592.065002">
   <element name="heartspan" layername="heartspan" frame="0" z_index="2" m_a="-0.999789" m_b="-0.020543" m_c="0.020543" m_d="-0.999789" m_tx="-3.000000" m_ty="-131.000000"/>
  </frame>
  <frame idx="875" w="669" h="638" x="-627.387024" y="-592.065002">
   <element name="heartspan" layername="heartspan" frame="0" z_index="2" m_a="-0.999789" m_b="-0.020543" m_c="0.020543" m_d="-0.999789" m_tx="-3.000000" m_ty="-131.000000"/>
  </frame>
  <frame idx="900" w="669" h="638" x="-627.387024" y="-592.065002">
   <element name="heartspan" layername="heartspan" frame="0" z_index="2" m_a="-0.999789" m_b="-0.020543" m_c="0.020543" m_d="-0.999789" m_tx="-3.000000" m_ty="-131.000000"/>
  </frame>
  <frame idx="925" w="669" h="638" x="-627.387024" y="-592.065002">
   <element name="heartspan" layername="heartspan" frame="0" z_index="2" m_a="-0.999789" m_b="-0.020543" m_c="0.020543" m_d="-0.999789" m_tx="-3.000000" m_ty="-131.000000"/>
  </frame>
  <frame idx="950" w="669" h="638" x="-627.387024" y="-592.065002">
   <element name="heartspan" layername="heartspan" frame="0" z_index="2" m_a="-0.999789" m_b="-0.020543" m_c="0.020543" m_d="-0.999789" m_tx="-3.000000" m_ty="-131.000000"/>
  </frame>
  <frame idx="975" w="669" h="638" x="-627.387024" y="-592.065002">
   <element name="heartspan" layername="heartspan" frame="0" z_index="2" m_a="-0.999789" m_b="-0.020543" m_c="0.020543" m_d="-0.999789" m_tx="-3.000000" m_ty="-131.000000"/>
  </frame>
 </anim>
 <anim name="idle_warer" root="heartspan_water" numframes="1000" framerate="40">
  <frame idx="0" w="681" h="809" x="107.500122" y="-64.500061">
   <element name="heartspan" layername="heartspan_water" frame="1" z_index="2" m_a="1.000000" m_b="0.000000" m_c="0.000000" m_d="1.000000" m_tx="1.000000" m_ty="2.000000"/>
  </frame>
  <frame idx="25" w="681" h="809" x="107.500122" y="-64.500061">
   <element name="heartspan" layername="heartspan_water" frame="1" z_index="2" m_a="1.000000" m_b="0.000000" m_c="0.000000" m_d="1.000000" m_tx="1.000000" m_ty="2.000000"/>
  </frame>
  <frame idx="50" w="681" h="809" x="107.500122" y="-64.500061">
   <element name="heartspan" layername="heartspan_water" frame="1" z_index="2" m_a="1.000000" m_b="0.000000" m_c="0.000000" m_d="1.000000" m_tx="1.000000" m_ty="2.000000"/>
  </frame>
  <frame idx="75" w="681" h="809" x="107.500122" y="-64.500061">
   <element name="heartspan" layername="heartspan_water" frame="1" z_index="2" m_a="1.000000" m_b="0.000000" m_c="0.000000" m_d="1.000000" m_tx="1.000000" m_ty="2.000000"/>
  </frame>
  <frame idx="100" w="681" h="809" x="107.500122" y="-64.500061">
   <element name="heartspan" layername="heartspan_water" frame="1" z_index="2" m_a="1.000000" m_b="0.000000" m_c="0.000000" m_d="1.000000" m_tx="1.000000" m_ty="2.000000"/>
  </frame>
  <frame idx="125" w="681" h="809" x="107.500122" y="-64.500061">
   <element name="heartspan" layername="heartspan_water" frame="1" z_index="2" m_a="1.000000" m_b="0.000000" m_c="0.000000" m_d="1.000000" m_tx="1.000000" m_ty="2.000000"/>
  </frame>
  <frame idx="150" w="681" h="809" x="107.500122" y="-64.500061">
   <element name="heartspan" layername="heartspan_water" frame="1" z_index="2" m_a="1.000000" m_b="0.000000" m_c="0.000000" m_d="1.000000" m_tx="1.000000" m_ty="2.000000"/>
  </frame>
  <frame idx="175" w="681" h="809" x="107.500122" y="-64.500061">
   <element name="heartspan" layername="heartspan_water" frame="1" z_index="2" m_a="1.000000" m_b="0.000000" m_c="0.000000" m_d="1.000000" m_tx="1.000000" m_ty="2.000000"/>
  </frame>
  <frame idx="200" w="681" h="809" x="107.500122" y="-64.500061">
   <element name="heartspan" layername="heartspan_water" frame="1" z_index="2" m_a="1.000000" m_b="0.000000" m_c="0.000000" m_d="1.000000" m_tx="1.000000" m_ty="2.000000"/>
  </frame>
  <frame idx="225" w="681" h="809" x="107.500122" y="-64.500061">
   <element name="heartspan" layername="heartspan_water" frame="1" z_index="2" m_a="1.000000" m_b="0.000000" m_c="0.000000" m_d="1.000000" m_tx="1.000000" m_ty="2.000000"/>
  </frame>
  <frame idx="250" w="681" h="809" x="107.500122" y="-64.500061">
   <element name="heartspan" layername="heartspan_water" frame="1" z_index="2" m_a="1.000000" m_b="0.000000" m_c="0.000000" m_d="1.000000" m_tx="1.000000" m_ty="2.000000"/>
  </frame>
  <frame idx="275" w="681" h="809" x="107.500122" y="-64.500061">
   <element name="heartspan" layername="heartspan_water" frame="1" z_index="2" m_a="1.000000" m_b="0.000000" m_c="0.000000" m_d="1.000000" m_tx="1.000000" m_ty="2.000000"/>
  </frame>
  <frame idx="300" w="681" h="809" x="107.500122" y="-64.500061">
   <element name="heartspan" layername="heartspan_water" frame="1" z_index="2" m_a="1.000000" m_b="0.000000" m_c="0.000000" m_d="1.000000" m_tx="1.000000" m_ty="2.000000"/>
  </frame>
  <frame idx="325" w="681" h="809" x="107.500122" y="-64.500061">
   <element name="heartspan" layername="heartspan_water" frame="1" z_index="2" m_a="1.000000" m_b="0.000000" m_c="0.000000" m_d="1.000000" m_tx="1.000000" m_ty="2.000000"/>
  </frame>
  <frame idx="350" w="681" h="809" x="107.500122" y="-64.500061">
   <element name="heartspan" layername="heartspan_water" frame="1" z_index="2" m_a="1.000000" m_b="0.000000" m_c="0.000000" m_d="1.000000" m_tx="1.000000" m_ty="2.000000"/>
  </frame>
  <frame idx="375" w="681" h="809" x="107.500122" y="-64.500061">
   <element name="heartspan" layername="heartspan_water" frame="1" z_index="2" m_a="1.000000" m_b="0.000000" m_c="0.000000" m_d="1.000000" m_tx="1.000000" m_ty="2.000000"/>
  </frame>
  <frame idx="400" w="681" h="809" x="107.500122" y="-64.500061">
   <element name="heartspan" layername="heartspan_water" frame="1" z_index="2" m_a="1.000000" m_b="0.000000" m_c="0.000000" m_d="1.000000" m_tx="1.000000" m_ty="2.000000"/>
  </frame>
  <frame idx="425" w="681" h="809" x="107.500122" y="-64.500061">
   <element name="heartspan" layername="heartspan_water" frame="1" z_index="2" m_a="1.000000" m_b="0.000000" m_c="0.000000" m_d="1.000000" m_tx="1.000000" m_ty="2.000000"/>
  </frame>
  <frame idx="450" w="681" h="809" x="107.500122" y="-64.500061">
   <element name="heartspan" layername="heartspan_water" frame="1" z_index="2" m_a="1.000000" m_b="0.000000" m_c="0.000000" m_d="1.000000" m_tx="1.000000" m_ty="2.000000"/>
  </frame>
  <frame idx="475" w="681" h="809" x="107.500122" y="-64.500061">
   <element name="heartspan" layername="heartspan_water" frame="1" z_index="2" m_a="1.000000" m_b="0.000000" m_c="0.000000" m_d="1.000000" m_tx="1.000000" m_ty="2.000000"/>
  </frame>
  <frame idx="500" w="681" h="809" x="107.500122" y="-64.500061">
   <element name="heartspan" layername="heartspan_water" frame="1" z_index="2" m_a="1.000000" m_b="0.000000" m_c="0.000000" m_d="1.000000" m_tx="1.000000" m_ty="2.000000"/>
  </frame>
  <frame idx="525" w="681" h="809" x="107.500122" y="-64.500061">
   <element name="heartspan" layername="heartspan_water" frame="1" z_index="2" m_a="1.000000" m_b="0.000000" m_c="0.000000" m_d="1.000000" m_tx="1.000000" m_ty="2.000000"/>
  </frame>
  <frame idx="550" w="681" h="809" x="107.500122" y="-64.500061">
   <element name="heartspan" layername="heartspan_water" frame="1" z_index="2" m_a="1.000000" m_b="0.000000" m_c="0.000000" m_d="1.000000" m_tx="1.000000" m_ty="2.000000"/>
  </frame>
  <frame idx="575" w="681" h="809" x="107.500122" y="-64.500061">
   <element name="heartspan" layername="heartspan_water" frame="1" z_index="2" m_a="1.000000" m_b="0.000000" m_c="0.000000" m_d="1.000000" m_tx="1.000000" m_ty="2.000000"/>
  </frame>
  <frame idx="600" w="681" h="809" x="107.500122" y="-64.500061">
   <element name="heartspan" layername="heartspan_water" frame="1" z_index="2" m_a="1.000000" m_b="0.000000" m_c="0.000000" m_d="1.000000" m_tx="1.000000" m_ty="2.000000"/>
  </frame>
  <frame idx="625" w="681" h="809" x="107.500122" y="-64.500061">
   <element name="heartspan" layername="heartspan_water" frame="1" z_index="2" m_a="1.000000" m_b="0.000000" m_c="0.000000" m_d="1.000000" m_tx="1.000000" m_ty="2.000000"/>
  </frame>
  <frame idx="650" w="681" h="809" x="107.500122" y="-64.500061">
   <element name="heartspan" layername="heartspan_water" frame="1" z_index="2" m_a="1.000000" m_b="0.000000" m_c="0.000000" m_d="1.000000" m_tx="1.000000" m_ty="2.000000"/>
  </frame>
  <frame idx="675" w="681" h="809" x="107.500122" y="-64.500061">
   <element name="heartspan" layername="heartspan_water" frame="1" z_index="2" m_a="1.000000" m_b="0.000000" m_c="0.000000" m_d="1.000000" m_tx="1.000000" m_ty="2.000000"/>
  </frame>
  <frame idx="700" w="681" h="809" x="107.500122" y="-64.500061">
   <element name="heartspan" layername="heartspan_water" frame="1" z_index="2" m_a="1.000000" m_b="0.000000" m_c="0.000000" m_d="1.000000" m_tx="1.000000" m_ty="2.000000"/>
  </frame>
  <frame idx="725" w="681" h="809" x="107.500122" y="-64.500061">
   <element name="heartspan" layername="heartspan_water" frame="1" z_index="2" m_a="1.000000" m_b="0.000000" m_c="0.000000" m_d="1.000000" m_tx="1.000000" m_ty="2.000000"/>
  </frame>
  <frame idx="750" w="681" h="809" x="107.500122" y="-64.500061">
   <element name="heartspan" layername="heartspan_water" frame="1" z_index="2" m_a="1.000000" m_b="0.000000" m_c="0.000000" m_d="1.000000" m_tx="1.000000" m_ty="2.000000"/>
  </frame>
  <frame idx="775" w="681" h="809" x="107.500122" y="-64.500061">
   <element name="heartspan" layername="heartspan_water" frame="1" z_index="2" m_a="1.000000" m_b="0.000000" m_c="0.000000" m_d="1.000000" m_tx="1.000000" m_ty="2.000000"/>
  </frame>
  <frame idx="800" w="681" h="809" x="107.500122" y="-64.500061">
   <element name="heartspan" layername="heartspan_water" frame="1" z_index="2" m_a="1.000000" m_b="0.000000" m_c="0.000000" m_d="1.000000" m_tx="1.000000" m_ty="2.000000"/>
  </frame>
  <frame idx="825" w="681" h="809" x="107.500122" y="-64.500061">
   <element name="heartspan" layername="heartspan_water" frame="1" z_index="2" m_a="1.000000" m_b="0.000000" m_c="0.000000" m_d="1.000000" m_tx="1.000000" m_ty="2.000000"/>
  </frame>
  <frame idx="850" w="681" h="809" x="107.500122" y="-64.500061">
   <element name="heartspan" layername="heartspan_water" frame="1" z_index="2" m_a="1.000000" m_b="0.000000" m_c="0.000000" m_d="1.000000" m_tx="1.000000" m_ty="2.000000"/>
  </frame>
  <frame idx="875" w="681" h="809" x="107.500122" y="-64.500061">
   <element name="heartspan" layername="heartspan_water" frame="1" z_index="2" m_a="1.000000" m_b="0.000000" m_c="0.000000" m_d="1.000000" m_tx="1.000000" m_ty="2.000000"/>
  </frame>
  <frame idx="900" w="681" h="809" x="107.500122" y="-64.500061">
   <element name="heartspan" layername="heartspan_water" frame="1" z_index="2" m_a="1.000000" m_b="0.000000" m_c="0.000000" m_d="1.000000" m_tx="1.000000" m_ty="2.000000"/>
  </frame>
  <frame idx="925" w="681" h="809" x="107.500122" y="-64.500061">
   <element name="heartspan" layername="heartspan_water" frame="1" z_index="2" m_a="1.000000" m_b="0.000000" m_c="0.000000" m_d="1.000000" m_tx="1.000000" m_ty="2.000000"/>
  </frame>
  <frame idx="950" w="681" h="809" x="107.500122" y="-64.500061">
   <element name="heartspan" layername="heartspan_water" frame="1" z_index="2" m_a="1.000000" m_b="0.000000" m_c="0.000000" m_d="1.000000" m_tx="1.000000" m_ty="2.000000"/>
  </frame>
  <frame idx="975" w="681" h="809" x="107.500122" y="-64.500061">
   <element name="heartspan" layername="heartspan_water" frame="1" z_index="2" m_a="1.000000" m_b="0.000000" m_c="0.000000" m_d="1.000000" m_tx="1.000000" m_ty="2.000000"/>
  </frame>
 </anim>
</Anims>
