<Anims>
 <anim name="anim" root="goggle" numframes="50" framerate="40">
  <frame idx="0" w="257" h="294" x="-21.619171" y="-55.197289">
   <element name="swap_hat" layername="swap_hat" frame="3" z_index="1" m_a="0.762711" m_b="0.000000" m_c="0.000000" m_d="0.762695" m_tx="0.643446" m_ty="22.691364"/>
  </frame>
  <frame idx="25" w="257" h="290" x="-21.619171" y="-51.992157">
   <element name="swap_hat" layername="swap_hat" frame="3" z_index="1" m_a="0.762711" m_b="0.000000" m_c="0.000000" m_d="0.762695" m_tx="0.643446" m_ty="25.896492"/>
  </frame>
 </anim>
</Anims>
