<Anims>
 <anim name="idle" root="katana" numframes="1000" framerate="40">
  <frame idx="0" w="671" h="629" x="-632.249268" y="-590.719299">
   <element name="katana" layername="katana" frame="0" z_index="2" m_a="-0.999876" m_b="-0.015721" m_c="0.015721" m_d="-0.999876" m_tx="3.000000" m_ty="-133.000000"/>
  </frame>
  <frame idx="25" w="671" h="629" x="-632.249268" y="-590.719299">
   <element name="katana" layername="katana" frame="0" z_index="2" m_a="-0.999876" m_b="-0.015721" m_c="0.015721" m_d="-0.999876" m_tx="3.000000" m_ty="-133.000000"/>
  </frame>
  <frame idx="50" w="671" h="629" x="-632.249268" y="-590.719299">
   <element name="katana" layername="katana" frame="0" z_index="2" m_a="-0.999876" m_b="-0.015721" m_c="0.015721" m_d="-0.999876" m_tx="3.000000" m_ty="-133.000000"/>
  </frame>
  <frame idx="75" w="671" h="629" x="-632.249268" y="-590.719299">
   <element name="katana" layername="katana" frame="0" z_index="2" m_a="-0.999876" m_b="-0.015721" m_c="0.015721" m_d="-0.999876" m_tx="3.000000" m_ty="-133.000000"/>
  </frame>
  <frame idx="100" w="671" h="629" x="-632.249268" y="-590.719299">
   <element name="katana" layername="katana" frame="0" z_index="2" m_a="-0.999876" m_b="-0.015721" m_c="0.015721" m_d="-0.999876" m_tx="3.000000" m_ty="-133.000000"/>
  </frame>
  <frame idx="125" w="671" h="629" x="-632.249268" y="-590.719299">
   <element name="katana" layername="katana" frame="0" z_index="2" m_a="-0.999876" m_b="-0.015721" m_c="0.015721" m_d="-0.999876" m_tx="3.000000" m_ty="-133.000000"/>
  </frame>
  <frame idx="150" w="671" h="629" x="-632.249268" y="-590.719299">
   <element name="katana" layername="katana" frame="0" z_index="2" m_a="-0.999876" m_b="-0.015721" m_c="0.015721" m_d="-0.999876" m_tx="3.000000" m_ty="-133.000000"/>
  </frame>
  <frame idx="175" w="671" h="629" x="-632.249268" y="-590.719299">
   <element name="katana" layername="katana" frame="0" z_index="2" m_a="-0.999876" m_b="-0.015721" m_c="0.015721" m_d="-0.999876" m_tx="3.000000" m_ty="-133.000000"/>
  </frame>
  <frame idx="200" w="671" h="629" x="-632.249268" y="-590.719299">
   <element name="katana" layername="katana" frame="0" z_index="2" m_a="-0.999876" m_b="-0.015721" m_c="0.015721" m_d="-0.999876" m_tx="3.000000" m_ty="-133.000000"/>
  </frame>
  <frame idx="225" w="671" h="629" x="-632.249268" y="-590.719299">
   <element name="katana" layername="katana" frame="0" z_index="2" m_a="-0.999876" m_b="-0.015721" m_c="0.015721" m_d="-0.999876" m_tx="3.000000" m_ty="-133.000000"/>
  </frame>
  <frame idx="250" w="671" h="629" x="-632.249268" y="-590.719299">
   <element name="katana" layername="katana" frame="0" z_index="2" m_a="-0.999876" m_b="-0.015721" m_c="0.015721" m_d="-0.999876" m_tx="3.000000" m_ty="-133.000000"/>
  </frame>
  <frame idx="275" w="671" h="629" x="-632.249268" y="-590.719299">
   <element name="katana" layername="katana" frame="0" z_index="2" m_a="-0.999876" m_b="-0.015721" m_c="0.015721" m_d="-0.999876" m_tx="3.000000" m_ty="-133.000000"/>
  </frame>
  <frame idx="300" w="671" h="629" x="-632.249268" y="-590.719299">
   <element name="katana" layername="katana" frame="0" z_index="2" m_a="-0.999876" m_b="-0.015721" m_c="0.015721" m_d="-0.999876" m_tx="3.000000" m_ty="-133.000000"/>
  </frame>
  <frame idx="325" w="671" h="629" x="-632.249268" y="-590.719299">
   <element name="katana" layername="katana" frame="0" z_index="2" m_a="-0.999876" m_b="-0.015721" m_c="0.015721" m_d="-0.999876" m_tx="3.000000" m_ty="-133.000000"/>
  </frame>
  <frame idx="350" w="671" h="629" x="-632.249268" y="-590.719299">
   <element name="katana" layername="katana" frame="0" z_index="2" m_a="-0.999876" m_b="-0.015721" m_c="0.015721" m_d="-0.999876" m_tx="3.000000" m_ty="-133.000000"/>
  </frame>
  <frame idx="375" w="671" h="629" x="-632.249268" y="-590.719299">
   <element name="katana" layername="katana" frame="0" z_index="2" m_a="-0.999876" m_b="-0.015721" m_c="0.015721" m_d="-0.999876" m_tx="3.000000" m_ty="-133.000000"/>
  </frame>
  <frame idx="400" w="671" h="629" x="-632.249268" y="-590.719299">
   <element name="katana" layername="katana" frame="0" z_index="2" m_a="-0.999876" m_b="-0.015721" m_c="0.015721" m_d="-0.999876" m_tx="3.000000" m_ty="-133.000000"/>
  </frame>
  <frame idx="425" w="671" h="629" x="-632.249268" y="-590.719299">
   <element name="katana" layername="katana" frame="0" z_index="2" m_a="-0.999876" m_b="-0.015721" m_c="0.015721" m_d="-0.999876" m_tx="3.000000" m_ty="-133.000000"/>
  </frame>
  <frame idx="450" w="671" h="629" x="-632.249268" y="-590.719299">
   <element name="katana" layername="katana" frame="0" z_index="2" m_a="-0.999876" m_b="-0.015721" m_c="0.015721" m_d="-0.999876" m_tx="3.000000" m_ty="-133.000000"/>
  </frame>
  <frame idx="475" w="671" h="629" x="-632.249268" y="-590.719299">
   <element name="katana" layername="katana" frame="0" z_index="2" m_a="-0.999876" m_b="-0.015721" m_c="0.015721" m_d="-0.999876" m_tx="3.000000" m_ty="-133.000000"/>
  </frame>
  <frame idx="500" w="671" h="629" x="-632.249268" y="-590.719299">
   <element name="katana" layername="katana" frame="0" z_index="2" m_a="-0.999876" m_b="-0.015721" m_c="0.015721" m_d="-0.999876" m_tx="3.000000" m_ty="-133.000000"/>
  </frame>
  <frame idx="525" w="671" h="629" x="-632.249268" y="-590.719299">
   <element name="katana" layername="katana" frame="0" z_index="2" m_a="-0.999876" m_b="-0.015721" m_c="0.015721" m_d="-0.999876" m_tx="3.000000" m_ty="-133.000000"/>
  </frame>
  <frame idx="550" w="671" h="629" x="-632.249268" y="-590.719299">
   <element name="katana" layername="katana" frame="0" z_index="2" m_a="-0.999876" m_b="-0.015721" m_c="0.015721" m_d="-0.999876" m_tx="3.000000" m_ty="-133.000000"/>
  </frame>
  <frame idx="575" w="671" h="629" x="-632.249268" y="-590.719299">
   <element name="katana" layername="katana" frame="0" z_index="2" m_a="-0.999876" m_b="-0.015721" m_c="0.015721" m_d="-0.999876" m_tx="3.000000" m_ty="-133.000000"/>
  </frame>
  <frame idx="600" w="671" h="629" x="-632.249268" y="-590.719299">
   <element name="katana" layername="katana" frame="0" z_index="2" m_a="-0.999876" m_b="-0.015721" m_c="0.015721" m_d="-0.999876" m_tx="3.000000" m_ty="-133.000000"/>
  </frame>
  <frame idx="625" w="671" h="629" x="-632.249268" y="-590.719299">
   <element name="katana" layername="katana" frame="0" z_index="2" m_a="-0.999876" m_b="-0.015721" m_c="0.015721" m_d="-0.999876" m_tx="3.000000" m_ty="-133.000000"/>
  </frame>
  <frame idx="650" w="671" h="629" x="-632.249268" y="-590.719299">
   <element name="katana" layername="katana" frame="0" z_index="2" m_a="-0.999876" m_b="-0.015721" m_c="0.015721" m_d="-0.999876" m_tx="3.000000" m_ty="-133.000000"/>
  </frame>
  <frame idx="675" w="671" h="629" x="-632.249268" y="-590.719299">
   <element name="katana" layername="katana" frame="0" z_index="2" m_a="-0.999876" m_b="-0.015721" m_c="0.015721" m_d="-0.999876" m_tx="3.000000" m_ty="-133.000000"/>
  </frame>
  <frame idx="700" w="671" h="629" x="-632.249268" y="-590.719299">
   <element name="katana" layername="katana" frame="0" z_index="2" m_a="-0.999876" m_b="-0.015721" m_c="0.015721" m_d="-0.999876" m_tx="3.000000" m_ty="-133.000000"/>
  </frame>
  <frame idx="725" w="671" h="629" x="-632.249268" y="-590.719299">
   <element name="katana" layername="katana" frame="0" z_index="2" m_a="-0.999876" m_b="-0.015721" m_c="0.015721" m_d="-0.999876" m_tx="3.000000" m_ty="-133.000000"/>
  </frame>
  <frame idx="750" w="671" h="629" x="-632.249268" y="-590.719299">
   <element name="katana" layername="katana" frame="0" z_index="2" m_a="-0.999876" m_b="-0.015721" m_c="0.015721" m_d="-0.999876" m_tx="3.000000" m_ty="-133.000000"/>
  </frame>
  <frame idx="775" w="671" h="629" x="-632.249268" y="-590.719299">
   <element name="katana" layername="katana" frame="0" z_index="2" m_a="-0.999876" m_b="-0.015721" m_c="0.015721" m_d="-0.999876" m_tx="3.000000" m_ty="-133.000000"/>
  </frame>
  <frame idx="800" w="671" h="629" x="-632.249268" y="-590.719299">
   <element name="katana" layername="katana" frame="0" z_index="2" m_a="-0.999876" m_b="-0.015721" m_c="0.015721" m_d="-0.999876" m_tx="3.000000" m_ty="-133.000000"/>
  </frame>
  <frame idx="825" w="671" h="629" x="-632.249268" y="-590.719299">
   <element name="katana" layername="katana" frame="0" z_index="2" m_a="-0.999876" m_b="-0.015721" m_c="0.015721" m_d="-0.999876" m_tx="3.000000" m_ty="-133.000000"/>
  </frame>
  <frame idx="850" w="671" h="629" x="-632.249268" y="-590.719299">
   <element name="katana" layername="katana" frame="0" z_index="2" m_a="-0.999876" m_b="-0.015721" m_c="0.015721" m_d="-0.999876" m_tx="3.000000" m_ty="-133.000000"/>
  </frame>
  <frame idx="875" w="671" h="629" x="-632.249268" y="-590.719299">
   <element name="katana" layername="katana" frame="0" z_index="2" m_a="-0.999876" m_b="-0.015721" m_c="0.015721" m_d="-0.999876" m_tx="3.000000" m_ty="-133.000000"/>
  </frame>
  <frame idx="900" w="671" h="629" x="-632.249268" y="-590.719299">
   <element name="katana" layername="katana" frame="0" z_index="2" m_a="-0.999876" m_b="-0.015721" m_c="0.015721" m_d="-0.999876" m_tx="3.000000" m_ty="-133.000000"/>
  </frame>
  <frame idx="925" w="671" h="629" x="-632.249268" y="-590.719299">
   <element name="katana" layername="katana" frame="0" z_index="2" m_a="-0.999876" m_b="-0.015721" m_c="0.015721" m_d="-0.999876" m_tx="3.000000" m_ty="-133.000000"/>
  </frame>
  <frame idx="950" w="671" h="629" x="-632.249268" y="-590.719299">
   <element name="katana" layername="katana" frame="0" z_index="2" m_a="-0.999876" m_b="-0.015721" m_c="0.015721" m_d="-0.999876" m_tx="3.000000" m_ty="-133.000000"/>
  </frame>
  <frame idx="975" w="671" h="629" x="-632.249268" y="-590.719299">
   <element name="katana" layername="katana" frame="0" z_index="2" m_a="-0.999876" m_b="-0.015721" m_c="0.015721" m_d="-0.999876" m_tx="3.000000" m_ty="-133.000000"/>
  </frame>
 </anim>
 <anim name="idle_water" root="katana_water" numframes="1000" framerate="40">
  <frame idx="0" w="681" h="719" x="33.499817" y="-56.000122">
   <element name="katana" layername="katana_water" frame="1" z_index="2" m_a="1.000000" m_b="0.000000" m_c="0.000000" m_d="1.000000" m_tx="1.000000" m_ty="2.000000"/>
  </frame>
  <frame idx="25" w="681" h="719" x="33.499817" y="-56.000122">
   <element name="katana" layername="katana_water" frame="1" z_index="2" m_a="1.000000" m_b="0.000000" m_c="0.000000" m_d="1.000000" m_tx="1.000000" m_ty="2.000000"/>
  </frame>
  <frame idx="50" w="681" h="719" x="33.499817" y="-56.000122">
   <element name="katana" layername="katana_water" frame="1" z_index="2" m_a="1.000000" m_b="0.000000" m_c="0.000000" m_d="1.000000" m_tx="1.000000" m_ty="2.000000"/>
  </frame>
  <frame idx="75" w="681" h="719" x="33.499817" y="-56.000122">
   <element name="katana" layername="katana_water" frame="1" z_index="2" m_a="1.000000" m_b="0.000000" m_c="0.000000" m_d="1.000000" m_tx="1.000000" m_ty="2.000000"/>
  </frame>
  <frame idx="100" w="681" h="719" x="33.499817" y="-56.000122">
   <element name="katana" layername="katana_water" frame="1" z_index="2" m_a="1.000000" m_b="0.000000" m_c="0.000000" m_d="1.000000" m_tx="1.000000" m_ty="2.000000"/>
  </frame>
  <frame idx="125" w="681" h="719" x="33.499817" y="-56.000122">
   <element name="katana" layername="katana_water" frame="1" z_index="2" m_a="1.000000" m_b="0.000000" m_c="0.000000" m_d="1.000000" m_tx="1.000000" m_ty="2.000000"/>
  </frame>
  <frame idx="150" w="681" h="719" x="33.499817" y="-56.000122">
   <element name="katana" layername="katana_water" frame="1" z_index="2" m_a="1.000000" m_b="0.000000" m_c="0.000000" m_d="1.000000" m_tx="1.000000" m_ty="2.000000"/>
  </frame>
  <frame idx="175" w="681" h="719" x="33.499817" y="-56.000122">
   <element name="katana" layername="katana_water" frame="1" z_index="2" m_a="1.000000" m_b="0.000000" m_c="0.000000" m_d="1.000000" m_tx="1.000000" m_ty="2.000000"/>
  </frame>
  <frame idx="200" w="681" h="719" x="33.499817" y="-56.000122">
   <element name="katana" layername="katana_water" frame="1" z_index="2" m_a="1.000000" m_b="0.000000" m_c="0.000000" m_d="1.000000" m_tx="1.000000" m_ty="2.000000"/>
  </frame>
  <frame idx="225" w="681" h="719" x="33.499817" y="-56.000122">
   <element name="katana" layername="katana_water" frame="1" z_index="2" m_a="1.000000" m_b="0.000000" m_c="0.000000" m_d="1.000000" m_tx="1.000000" m_ty="2.000000"/>
  </frame>
  <frame idx="250" w="681" h="719" x="33.499817" y="-56.000122">
   <element name="katana" layername="katana_water" frame="1" z_index="2" m_a="1.000000" m_b="0.000000" m_c="0.000000" m_d="1.000000" m_tx="1.000000" m_ty="2.000000"/>
  </frame>
  <frame idx="275" w="681" h="719" x="33.499817" y="-56.000122">
   <element name="katana" layername="katana_water" frame="1" z_index="2" m_a="1.000000" m_b="0.000000" m_c="0.000000" m_d="1.000000" m_tx="1.000000" m_ty="2.000000"/>
  </frame>
  <frame idx="300" w="681" h="719" x="33.499817" y="-56.000122">
   <element name="katana" layername="katana_water" frame="1" z_index="2" m_a="1.000000" m_b="0.000000" m_c="0.000000" m_d="1.000000" m_tx="1.000000" m_ty="2.000000"/>
  </frame>
  <frame idx="325" w="681" h="719" x="33.499817" y="-56.000122">
   <element name="katana" layername="katana_water" frame="1" z_index="2" m_a="1.000000" m_b="0.000000" m_c="0.000000" m_d="1.000000" m_tx="1.000000" m_ty="2.000000"/>
  </frame>
  <frame idx="350" w="681" h="719" x="33.499817" y="-56.000122">
   <element name="katana" layername="katana_water" frame="1" z_index="2" m_a="1.000000" m_b="0.000000" m_c="0.000000" m_d="1.000000" m_tx="1.000000" m_ty="2.000000"/>
  </frame>
  <frame idx="375" w="681" h="719" x="33.499817" y="-56.000122">
   <element name="katana" layername="katana_water" frame="1" z_index="2" m_a="1.000000" m_b="0.000000" m_c="0.000000" m_d="1.000000" m_tx="1.000000" m_ty="2.000000"/>
  </frame>
  <frame idx="400" w="681" h="719" x="33.499817" y="-56.000122">
   <element name="katana" layername="katana_water" frame="1" z_index="2" m_a="1.000000" m_b="0.000000" m_c="0.000000" m_d="1.000000" m_tx="1.000000" m_ty="2.000000"/>
  </frame>
  <frame idx="425" w="681" h="719" x="33.499817" y="-56.000122">
   <element name="katana" layername="katana_water" frame="1" z_index="2" m_a="1.000000" m_b="0.000000" m_c="0.000000" m_d="1.000000" m_tx="1.000000" m_ty="2.000000"/>
  </frame>
  <frame idx="450" w="681" h="719" x="33.499817" y="-56.000122">
   <element name="katana" layername="katana_water" frame="1" z_index="2" m_a="1.000000" m_b="0.000000" m_c="0.000000" m_d="1.000000" m_tx="1.000000" m_ty="2.000000"/>
  </frame>
  <frame idx="475" w="681" h="719" x="33.499817" y="-56.000122">
   <element name="katana" layername="katana_water" frame="1" z_index="2" m_a="1.000000" m_b="0.000000" m_c="0.000000" m_d="1.000000" m_tx="1.000000" m_ty="2.000000"/>
  </frame>
  <frame idx="500" w="681" h="719" x="33.499817" y="-56.000122">
   <element name="katana" layername="katana_water" frame="1" z_index="2" m_a="1.000000" m_b="0.000000" m_c="0.000000" m_d="1.000000" m_tx="1.000000" m_ty="2.000000"/>
  </frame>
  <frame idx="525" w="681" h="719" x="33.499817" y="-56.000122">
   <element name="katana" layername="katana_water" frame="1" z_index="2" m_a="1.000000" m_b="0.000000" m_c="0.000000" m_d="1.000000" m_tx="1.000000" m_ty="2.000000"/>
  </frame>
  <frame idx="550" w="681" h="719" x="33.499817" y="-56.000122">
   <element name="katana" layername="katana_water" frame="1" z_index="2" m_a="1.000000" m_b="0.000000" m_c="0.000000" m_d="1.000000" m_tx="1.000000" m_ty="2.000000"/>
  </frame>
  <frame idx="575" w="681" h="719" x="33.499817" y="-56.000122">
   <element name="katana" layername="katana_water" frame="1" z_index="2" m_a="1.000000" m_b="0.000000" m_c="0.000000" m_d="1.000000" m_tx="1.000000" m_ty="2.000000"/>
  </frame>
  <frame idx="600" w="681" h="719" x="33.499817" y="-56.000122">
   <element name="katana" layername="katana_water" frame="1" z_index="2" m_a="1.000000" m_b="0.000000" m_c="0.000000" m_d="1.000000" m_tx="1.000000" m_ty="2.000000"/>
  </frame>
  <frame idx="625" w="681" h="719" x="33.499817" y="-56.000122">
   <element name="katana" layername="katana_water" frame="1" z_index="2" m_a="1.000000" m_b="0.000000" m_c="0.000000" m_d="1.000000" m_tx="1.000000" m_ty="2.000000"/>
  </frame>
  <frame idx="650" w="681" h="719" x="33.499817" y="-56.000122">
   <element name="katana" layername="katana_water" frame="1" z_index="2" m_a="1.000000" m_b="0.000000" m_c="0.000000" m_d="1.000000" m_tx="1.000000" m_ty="2.000000"/>
  </frame>
  <frame idx="675" w="681" h="719" x="33.499817" y="-56.000122">
   <element name="katana" layername="katana_water" frame="1" z_index="2" m_a="1.000000" m_b="0.000000" m_c="0.000000" m_d="1.000000" m_tx="1.000000" m_ty="2.000000"/>
  </frame>
  <frame idx="700" w="681" h="719" x="33.499817" y="-56.000122">
   <element name="katana" layername="katana_water" frame="1" z_index="2" m_a="1.000000" m_b="0.000000" m_c="0.000000" m_d="1.000000" m_tx="1.000000" m_ty="2.000000"/>
  </frame>
  <frame idx="725" w="681" h="719" x="33.499817" y="-56.000122">
   <element name="katana" layername="katana_water" frame="1" z_index="2" m_a="1.000000" m_b="0.000000" m_c="0.000000" m_d="1.000000" m_tx="1.000000" m_ty="2.000000"/>
  </frame>
  <frame idx="750" w="681" h="719" x="33.499817" y="-56.000122">
   <element name="katana" layername="katana_water" frame="1" z_index="2" m_a="1.000000" m_b="0.000000" m_c="0.000000" m_d="1.000000" m_tx="1.000000" m_ty="2.000000"/>
  </frame>
  <frame idx="775" w="681" h="719" x="33.499817" y="-56.000122">
   <element name="katana" layername="katana_water" frame="1" z_index="2" m_a="1.000000" m_b="0.000000" m_c="0.000000" m_d="1.000000" m_tx="1.000000" m_ty="2.000000"/>
  </frame>
  <frame idx="800" w="681" h="719" x="33.499817" y="-56.000122">
   <element name="katana" layername="katana_water" frame="1" z_index="2" m_a="1.000000" m_b="0.000000" m_c="0.000000" m_d="1.000000" m_tx="1.000000" m_ty="2.000000"/>
  </frame>
  <frame idx="825" w="681" h="719" x="33.499817" y="-56.000122">
   <element name="katana" layername="katana_water" frame="1" z_index="2" m_a="1.000000" m_b="0.000000" m_c="0.000000" m_d="1.000000" m_tx="1.000000" m_ty="2.000000"/>
  </frame>
  <frame idx="850" w="681" h="719" x="33.499817" y="-56.000122">
   <element name="katana" layername="katana_water" frame="1" z_index="2" m_a="1.000000" m_b="0.000000" m_c="0.000000" m_d="1.000000" m_tx="1.000000" m_ty="2.000000"/>
  </frame>
  <frame idx="875" w="681" h="719" x="33.499817" y="-56.000122">
   <element name="katana" layername="katana_water" frame="1" z_index="2" m_a="1.000000" m_b="0.000000" m_c="0.000000" m_d="1.000000" m_tx="1.000000" m_ty="2.000000"/>
  </frame>
  <frame idx="900" w="681" h="719" x="33.499817" y="-56.000122">
   <element name="katana" layername="katana_water" frame="1" z_index="2" m_a="1.000000" m_b="0.000000" m_c="0.000000" m_d="1.000000" m_tx="1.000000" m_ty="2.000000"/>
  </frame>
  <frame idx="925" w="681" h="719" x="33.499817" y="-56.000122">
   <element name="katana" layername="katana_water" frame="1" z_index="2" m_a="1.000000" m_b="0.000000" m_c="0.000000" m_d="1.000000" m_tx="1.000000" m_ty="2.000000"/>
  </frame>
  <frame idx="950" w="681" h="719" x="33.499817" y="-56.000122">
   <element name="katana" layername="katana_water" frame="1" z_index="2" m_a="1.000000" m_b="0.000000" m_c="0.000000" m_d="1.000000" m_tx="1.000000" m_ty="2.000000"/>
  </frame>
  <frame idx="975" w="681" h="719" x="33.499817" y="-56.000122">
   <element name="katana" layername="katana_water" frame="1" z_index="2" m_a="1.000000" m_b="0.000000" m_c="0.000000" m_d="1.000000" m_tx="1.000000" m_ty="2.000000"/>
  </frame>
 </anim>
</Anims>
